ID,name,size,parentID
0,bootstrap,,
1,variables,50,0
2,mixins,50,0
3,reset,50,0
4,scaffolding,50,0
5,grid,50,0
6,type,50,0
7,code,50,0
8,forms,50,0
9,tables,50,0
10,sprites,50,0
11,dropdowns,50,0
12,wells,50,0
13,component-animations,50,0
14,close,50,0
15,buttons,50,0
16,button-groups,50,0
17,alerts,50,0
18,navs,50,0
19,navbar,50,0
20,breadcrumbs,50,0
21,pagination,50,0
22,pager,50,0
23,modals,50,0
24,tooltip,50,0
25,popovers,50,0
26,thumbnails,50,0
27,media,50,0
28,labels-badges,50,0
29,progress-bars,50,0
30,accordion,50,0
31,carousel,50,0
32,hero-unit,50,0
33,utilities,50,0




